John,Smith,JSmith@funkydomain.com
Jane,Johnson,JJohnson@funkydomain.com
Michael,Williams,MWilliams@funkydomain.com
Emily,Brown,EBrown@funkydomain.com
David,Jones,DJones@funkydomain.com
Sarah,Garcia,SGarcia@funkydomain.com
Chris,Miller,CMiller@funkydomain.com
Laura,Davis,LDavis@funkydomain.com
James,Martinez,JMartinez@funkydomain.com
Anna,Lopez,ALopez@funkydomain.com
Robert,Taylor,RTaylor@funkydomain.com
Lisa,Moore,LMoore@funkydomain.com
Daniel,Harris,DHarris@funkydomain.com
Amy,Clark,AClark@funkydomain.com
Kevin,Lewis,KLewis@funkydomain.com
Jessica,Lee,JLee@funkydomain.com
Brian,Walker,BWalker@funkydomain.com
Megan,Hall,MHall@funkydomain.com
Andrew,Young,AYoung@funkydomain.com
Rachel,Allen,RAllen@funkydomain.com
Thomas,King,TKing@funkydomain.com
Olivia,Wright,OWright@funkydomain.com
Charles,Scott,CScott@funkydomain.com
Karen,Green,KGreen@funkydomain.com
Paul,Adams,PAdams@funkydomain.com
Emma,Nelson,ENelson@funkydomain.com
Mark,Baker,MBaker@funkydomain.com
Ashley,Hill,AHill@funkydomain.com
Steven,Perez,SPerez@funkydomain.com
Linda,Roberts,LRoberts@funkydomain.com
Joshua,Mitchell,JMitchell@funkydomain.com
Stephanie,Carter,SCarter@funkydomain.com
Anthony,Phillips,APhillips@funkydomain.com
Rebecca,Evans,REvans@funkydomain.com
Jason,Turner,JTurner@funkydomain.com
Kimberly,Campbell,KCampbell@funkydomain.com
Matthew,Parker,MParker@funkydomain.com
Angela,Edwards,AEdwards@funkydomain.com
Justin,Collins,JCollins@funkydomain.com
Jennifer,Stewart,JStewart@funkydomain.com
Brandon,Morris,BMorris@funkydomain.com
Michelle,Sanchez,MSanchez@funkydomain.com
Jonathan,Rogers,JRogers@funkydomain.com
Melissa,Reed,MReed@funkydomain.com
Aaron,Cook,ACook@funkydomain.com
Heather,Morgan,HMorgan@funkydomain.com
Ryan,Murphy,RMurphy@funkydomain.com
Christine,Bell,CBell@funkydomain.com
Nicholas,Bailey,NBailey@funkydomain.com
Patricia,Rivera,PRivera@funkydomain.com
Gregory,Cooper,GCooper@funkydomain.com
Samantha,Richardson,SRichardson@funkydomain.com
Eric,Cox,ECox@funkydomain.com
Katherine,Howard,KHoward@funkydomain.com
Nathan,Ward,NWard@funkydomain.com
Amanda,Russell,ARussell@funkydomain.com
Adam,Jenkins,AJenkins@funkydomain.com
Victoria,Foster,VFoster@funkydomain.com
Scott,Powell,SPowell@funkydomain.com
Nicole,Simmons,NSimmons@funkydomain.com
Patrick,Patterson,PPatterson@funkydomain.com
Danielle,Long,DLong@funkydomain.com
Sean,Hughes,SHughes@funkydomain.com
Brittany,Perry,BPerry@funkydomain.com
Tyler,Butler,TButler@funkydomain.com
Lauren,Jenkins,LJenkins@funkydomain.com
George,Simmons,GSimmons@funkydomain.com
Elizabeth,Jenkins,EJenkins@funkydomain.com
Richard,Brooks,RBrooks@funkydomain.com
Sandra,Wood,SWood@funkydomain.com
Frank,Bennett,FBennett@funkydomain.com
Megan,Gray,MGray@funkydomain.com
Edward,Hayes,EHayes@funkydomain.com
Courtney,Hughes,CHughes@funkydomain.com
Benjamin,Ross,BRoss@funkydomain.com
Julie,Myers,JMyers@funkydomain.com
Alexander,Price,APrice@funkydomain.com
Natalie,Bryant,NBryant@funkydomain.com
Samuel,Powell,SPowell@funkydomain.com
Deborah,Ward,DWard@funkydomain.com
Zachary,Rogers,ZRogers@funkydomain.com
Abigail,Scott,AScott@funkydomain.com
Kenneth,Reed,KReed@funkydomain.com
Jacqueline,Cooper,JCooper@funkydomain.com
Jerry,Bailey,JBailey@funkydomain.com
Sabrina,Jenkins,SJenkins@funkydomain.com
Phillip,Evans,PEvans@funkydomain.com
Holly,Hayes,HHayes@funkydomain.com
Carl,Butler,CButler@funkydomain.com
Vanessa,Patterson,VPatterson@funkydomain.com
Harold,Gray,HGray@funkydomain.com
Denise,Hughes,DHughes@funkydomain.com
Brandon,Wood,BWood@funkydomain.com
Erica,Harris,EHarris@funkydomain.com
Craig,Simmons,CSimmons@funkydomain.com
Marissa,Price,MPrice@funkydomain.com
Bruce,Perry,BPerry@funkydomain.com
Allison,Stewart,AStewart@funkydomain.com
Gabriel,Martinez,GMartinez@funkydomain.com
